{
    "bindings" : {
      "/actions/buggy" : {
         "chords" : [],
         "haptics" : [],
         "poses" : [],
         "skeleton" : [],
         "sources" : []
      },
      "/actions/default" : {
         "chords" : [],
         "haptics" : [
            {
               "output" : "/actions/default/out/haptic",
               "path" : "/user/hand/left/output/haptic"
            },
            {
               "output" : "/actions/default/out/haptic",
               "path" : "/user/hand/right/output/haptic"
            }
         ],
         "poses" : [
            {
               "output" : "/actions/default/in/pose",
               "path" : "/user/hand/left/pose/raw"
            },
            {
               "output" : "/actions/default/in/pose",
               "path" : "/user/hand/right/pose/raw"
            }
         ],
         "skeleton" : [
            {
               "output" : "/actions/default/in/skeletonlefthand",
               "path" : "/user/hand/left/input/skeleton/left"
            },
            {
               "output" : "/actions/default/in/skeletonrighthand",
               "path" : "/user/hand/right/input/skeleton/right"
            }
         ],
         "sources" : [
            {
               "inputs" : {
                  "click" : {
                     "output" : "/actions/default/in/interactui"
                  }
               },
               "mode" : "button",
               "path" : "/user/hand/left/input/trigger"
            },
            {
               "inputs" : {
                  "click" : {
                     "output" : "/actions/default/in/grabgrip"
                  }
               },
               "mode" : "button",
               "parameters" : {
                  "click_activate_threshold" : "0.8",
                  "click_deactivate_threshold" : "0.7",
                  "force_input" : "force"
               },
               "path" : "/user/hand/left/input/grip"
            },
            {
               "inputs" : {
                  "click" : {
                     "output" : "/actions/default/in/interactui"
                  }
               },
               "mode" : "button",
               "path" : "/user/hand/right/input/trigger"
            },
            {
               "inputs" : {
                  "click" : {
                     "output" : "/actions/default/in/grabgrip"
                  }
               },
               "mode" : "button",
               "parameters" : {
                  "click_activate_threshold" : "0.8",
                  "click_deactivate_threshold" : "0.7",
                  "force_input" : "force"
               },
               "path" : "/user/hand/right/input/grip"
            },
            {
               "inputs" : {
                  "east" : {
                     "output" : "/actions/default/in/menuright"
                  },
                  "north" : {
                     "output" : "/actions/default/in/menuup"
                  },
                  "south" : {
                     "output" : "/actions/default/in/menudown"
                  },
                  "west" : {
                     "output" : "/actions/default/in/menuleft"
                  }
               },
               "mode" : "dpad",
               "parameters" : {
                  "sub_mode" : "touch"
               },
               "path" : "/user/hand/left/input/joystick"
            },
            {
               "inputs" : {
                  "east" : {
                     "output" : "/actions/default/in/menuright"
                  },
                  "north" : {
                     "output" : "/actions/default/in/menuup"
                  },
                  "south" : {
                     "output" : "/actions/default/in/menudown"
                  },
                  "west" : {
                     "output" : "/actions/default/in/menuleft"
                  }
               },
               "mode" : "dpad",
               "parameters" : {
                  "sub_mode" : "touch"
               },
               "path" : "/user/hand/right/input/joystick"
            },
            {
               "inputs" : {
                  "click" : {
                     "output" : "/actions/default/in/grabpinch"
                  }
               },
               "mode" : "button",
               "path" : "/user/hand/left/input/x"
            },
            {
               "inputs" : {
                  "click" : {
                     "output" : "/actions/default/in/grabpinch"
                  }
               },
               "mode" : "button",
               "path" : "/user/hand/right/input/a"
            },
            {
               "inputs" : {
                  "click" : {
                     "output" : "/actions/default/in/quickmenu"
                  }
               },
               "mode" : "button",
               "path" : "/user/hand/left/input/y"
            },
            {
               "inputs" : {
                  "click" : {
                     "output" : "/actions/default/in/quickmenu"
                  }
               },
               "mode" : "button",
               "path" : "/user/hand/right/input/y"
            },
            {
               "inputs" : {
                  "click" : {
                     "output" : "/actions/default/in/quickmenu"
                  }
               },
               "mode" : "button",
               "path" : "/user/hand/right/input/b"
            }
         ]
      },
      "/actions/platformer" : {
         "chords" : [],
         "haptics" : [],
         "poses" : [],
         "skeleton" : [],
         "sources" : []
      }
   },
   "controller_type" : "oculus_touch",
   "description" : "",
   "name" : "oculus_touch"
}
